{
    "USDT": 392.5848,
    "SOL": 0.0036890503052315893,
    "ETH": 0.06262446612642628,
    "BTC": 0.005992030921254816
}