{
    "USDT": 898.82124405,
    "SOL": 5.030523158927255e-08,
    "BTC": 4.1525060250242884e-07,
    "XRP": 0.9234449760765564,
    "DOGE": 0.013560098202560766,
    "TRX": 412.9160128829796
}