{
    "USDT": 981.28,
    "BTC": 0.00020509533410852332,
    "DOGE": 6.274824775518144
}