{
    "USDT": 460.00003000009,
    "BTC": 0.005993412170400119,
    "ETH": 0.006282156790069167,
    "TRX": 81.20871044628247
}