{
    "USDT": 1001.0534041234257,
    "SOL": 5.030523158927255e-08,
    "BTC": 4.1525060250242884e-07,
    "XRP": 9.146117174729795e-08,
    "DOGE": 6.0098202560766086e-05,
    "TRX": 2.9796183298458345e-09
}