{
    "USDT": 479.99840302009,
    "BTC": 0.005993412170400119,
    "ETH": 0.006282156790069167,
    "TRX": 0.008710446282466922,
    "LEO": 8.074398247792658e-07
}