{
    "USDT": 479.99841040009,
    "BTC": 0.005993412170400119,
    "ETH": 0.006282156790069167,
    "TRX": 0.008710446282466922
}